<?xml version="1.0" encoding="utf-8"?>
<manifest identifier="_6co7hVf8geV_course_id" version="1.0" xmlns="http://www.imsproject.org/xsd/imscp_rootv1p1p2" xmlns:adlcp="http://www.adlnet.org/xsd/adlcp_rootv1p2" xmlns:xsi="http://www.w3.org/2001/XMLSchema-instance" xsi:schemaLocation="http://www.imsproject.org/xsd/imscp_rootv1p1p2 imscp_rootv1p1p2.xsd http://www.imsglobal.org/xsd/imsmd_rootv1p2p1 imsmd_rootv1p2p1.xsd http://www.adlnet.org/xsd/adlcp_rootv1p2 adlcp_rootv1p2.xsd">
  <metadata>
    <schema>ADL SCORM</schema>
    <schemaversion>1.2</schemaversion>
    <lom xmlns="http://www.imsglobal.org/xsd/imsmd_rootv1p2p1" xmlns:xsi="http://www.w3.org/2001/XMLSchema-instance" xsi:schemaLocation="http://www.imsglobal.org/xsd/imsmd_rootv1p2p1 imsmd_rootv1p2p1.xsd">
      <general>
        <title>
          <langstring xml:lang="x-none">PrimulMeuWebsite</langstring>
        </title>
      </general>
      <lifecycle>
        <version>
          <langstring xml:lang="x-none">1</langstring>
        </version>
        <status>
          <source>
            <langstring xml:lang="x-none">LOMv1.0</langstring>
          </source>
          <value>
            <langstring xml:lang="x-none">Final</langstring>
          </value>
        </status>
      </lifecycle>
      <metametadata>
        <metadatascheme>ADL SCORM 1.2</metadatascheme>
      </metametadata>
      <educational>
        <typicallearningtime>
          <datetime>PT0H0M0S</datetime>
        </typicallearningtime>
      </educational>
      <rights>
        <cost>
          <source>
            <langstring xml:lang="x-none">LOMv1.0</langstring>
          </source>
          <value>
            <langstring xml:lang="x-none">yes</langstring>
          </value>
        </cost>
        <copyrightandotherrestrictions>
          <source>
            <langstring xml:lang="x-none">LOMv1.0</langstring>
          </source>
          <value>
            <langstring xml:lang="x-none">yes</langstring>
          </value>
        </copyrightandotherrestrictions>
      </rights>
    </lom>
  </metadata>
  <organizations default="PrimulMeuWebsite_ORG">
    <organization identifier="PrimulMeuWebsite_ORG">
      <title>PrimulMeuWebsite</title>
      <item identifier="_5ro2_7_nivel1_SCO" isvisible="true" identifierref="__6co7hVf8geV_course_id_RES">
        <title>PrimulMeuWebsite</title>
        <adlcp:masteryscore>60</adlcp:masteryscore>
      </item>
    </organization>
  </organizations>
  <resources>
    <resource identifier="__6co7hVf8geV_course_id_RES" type="webcontent" href="index_lms.html" adlcp:scormtype="sco">
      <file href="story_content/thumbnail.jpg" />
      <file href="story_content/5xswfUkSRn8_80_DX1440_DY1440.swf" />
      <file href="mobile/5xswfUkSRn8_80_DX1440_DY1440_CX720_CY540.png" />
      <file href="story_content/6prZqzLbFb7_80_P_87_63_1149_638_DX490_DY490.swf" />
      <file href="mobile/6prZqzLbFb7_80_P_87_63_1149_638_DX490_DY490_CX220_CY123.png" />
      <file href="story_content/64dNxpdD5GT_80_DX296_DY296.swf" />
      <file href="mobile/64dNxpdD5GT_80_DX296_DY296_CX148_CY60.png" />
      <file href="story_content/6Er8OT1nXW3_80_DX296_DY296.swf" />
      <file href="mobile/6Er8OT1nXW3_80_DX296_DY296_CX148_CY60.png" />
      <file href="story_content/6owMDMXegQb_80_DX1440_DY1440.swf" />
      <file href="mobile/6owMDMXegQb_80_DX1440_DY1440_CX720_CY540.png" />
      <file href="story_content/_glow.swf" />
      <file href="story_content/5kf3mLluS7U_80_DX472_DY472.jpg" />
      <file href="mobile/5kf3mLluS7U_80_DX472_DY472_CX236_CY38.jpg" />
      <file href="story_content/65OSEZ2DjdL_80_DX592_DY592.swf" />
      <file href="mobile/65OSEZ2DjdL_80_DX592_DY592_CX296_CY142.png" />
      <file href="story_content/6DTWrPAs2qH_80_DX270_DY270.swf" />
      <file href="mobile/6DTWrPAs2qH_80_DX270_DY270_CX117_CY135.png" />
      <file href="story_content/_swirl.swf" />
      <file href="story_content/62dBjrfQOKE_80_DX478_DY478.swf" />
      <file href="mobile/62dBjrfQOKE_80_DX478_DY478_CX239_CY194.png" />
      <file href="story_content/68yc1XpgYDp_80_DX428_DY428.swf" />
      <file href="mobile/68yc1XpgYDp_80_DX428_DY428_CX214_CY201.png" />
      <file href="story_content/5oa5SYuJ4bB_80_DX734_DY734.swf" />
      <file href="mobile/5oa5SYuJ4bB_80_DX734_DY734_CX367_CY176.png" />
      <file href="story_content/6qqbhyePEiO_80_P_0_26_429_296_DX450_DY450.swf" />
      <file href="mobile/6qqbhyePEiO_80_P_0_26_429_296_DX450_DY450_CX225_CY156.png" />
      <file href="story_content/6KKoqryLAZy_80_P_0_26_692_65_DX742_DY742.swf" />
      <file href="mobile/6KKoqryLAZy_80_P_0_26_692_65_DX742_DY742_CX371_CY35.png" />
      <file href="story_content/5a2p3sCSe2G_80_DX930_DY930.jpg" />
      <file href="mobile/5a2p3sCSe2G_80_DX930_DY930_CX465_CY73.jpg" />
      <file href="story_content/6bjc93S5S1F_80_DX488_DY488.swf" />
      <file href="mobile/6bjc93S5S1F_80_DX488_DY488_CX244_CY124.png" />
      <file href="story_content/6ECPQR668A5_80_P_512_0_1200_114_DX1838_DY1838.swf" />
      <file href="mobile/6ECPQR668A5_80_P_512_0_1200_114_DX1838_DY1838_CX631_CY60.png" />
      <file href="story_content/634Z47X3ymp_80_P_11_456_846_117_DX906_DY906.swf" />
      <file href="mobile/634Z47X3ymp_80_P_11_456_846_117_DX906_DY906_CX447_CY62.png" />
      <file href="story_content/6SRSxpf4f0z_80_P_0_0_293_76_DX660_DY660.swf" />
      <file href="mobile/6SRSxpf4f0z_80_P_0_0_293_76_DX660_DY660_CX293_CY76.png" />
      <file href="story_content/6SRSxpf4f0z_80_P_0_86_295_33_DX660_DY660.swf" />
      <file href="mobile/6SRSxpf4f0z_80_P_0_86_295_33_DX660_DY660_CX295_CY33.png" />
      <file href="story_content/6SRSxpf4f0z_80_P_0_131_325_75_DX660_DY660.swf" />
      <file href="mobile/6SRSxpf4f0z_80_P_0_131_325_75_DX660_DY660_CX325_CY75.png" />
      <file href="story_content/6SRSxpf4f0z_80_P_0_220_321_33_DX660_DY660.swf" />
      <file href="mobile/6SRSxpf4f0z_80_P_0_220_321_33_DX660_DY660_CX321_CY33.png" />
      <file href="story_content/61bm5e7rV1q_80_DX558_DY558.swf" />
      <file href="mobile/61bm5e7rV1q_80_DX558_DY558_CX276_CY279.png" />
      <file href="story_content/65fOvHWIPq7_80_DX608_DY608.swf" />
      <file href="mobile/65fOvHWIPq7_80_DX608_DY608_CX304_CY148.png" />
      <file href="story_content/Shape6YCArWaqrwA.swf" />
      <file href="story_content/5UtJGos55Rb_80_DX86_DY86.swf" />
      <file href="mobile/5UtJGos55Rb_80_DX86_DY86_CX43_CY43.png" />
      <file href="story_content/Shape5YeX02SrKrD.swf" />
      <file href="story_content/Shape60Dydq46sIY.swf" />
      <file href="story_content/Shape6KU6S9NwyHs.swf" />
      <file href="story_content/Shape6C9zKde4TcW.swf" />
      <file href="story_content/Shape65thywiIO4z.swf" />
      <file href="story_content/Shape6V19cE2Z9ss.swf" />
      <file href="story_content/Shape6Lfb6mqf7Um.swf" />
      <file href="story_content/Shape6qAOIMSXj16.swf" />
      <file href="story_content/Shape63EUSZ4nhrY.swf" />
      <file href="story_content/5cbD9WKO51s_80_DX296_DY296.swf" />
      <file href="mobile/5cbD9WKO51s_80_DX296_DY296_CX148_CY60.png" />
      <file href="story_content/6Rw056fLRto_80_DX296_DY296.swf" />
      <file href="mobile/6Rw056fLRto_80_DX296_DY296_CX148_CY60.png" />
      <file href="story_content/6Rw056fLRto_80_RFFAC7D_DX296_DY296.swf" />
      <file href="mobile/6Rw056fLRto_80_RFFAC7D_DX296_DY296_CX148_CY60.png" />
      <file href="story_content/6hmgfksDwlH_80_DX296_DY296.swf" />
      <file href="mobile/6hmgfksDwlH_80_DX296_DY296_CX148_CY60.png" />
      <file href="story_content/6hmgfksDwlH_80_RFFAC7D_DX296_DY296.swf" />
      <file href="mobile/6hmgfksDwlH_80_RFFAC7D_DX296_DY296_CX148_CY60.png" />
      <file href="story_content/6JoRlwRSiBt_80_DX1440_DY1440.swf" />
      <file href="mobile/6JoRlwRSiBt_80_DX1440_DY1440_CX720_CY540.png" />
      <file href="meta.xml" />
      <file href="story_content/frame.xml" />
      <file href="story_content/frame.js" />
      <file href="story_content/user.js" />
      <file href="story_unsupported.html" />
      <file href="mobile/player.css" />
      <file href="mobile/player_compiled.js" />
      <file href="story_content/FontFactory.swf" />
      <file href="story_content/fonts.swf" />
      <file href="mobile/fonts.js" />
      <file href="story.swf" />
      <file href="story_content/frame.swf" />
      <file href="story_content/slides/65OjYeuzmcv.swf" />
      <file href="story_content/slides/5z8CNgtFwEX.swf" />
      <file href="story_content/slides/6PaJQaxkBFc.swf" />
      <file href="story_content/slides/6NmzqjV7o1D.swf" />
      <file href="story_content/slides/65zuiuQUvdT.swf" />
      <file href="story_content/slides/6IxAk8VS7wb.swf" />
      <file href="story_content/slides/633do200N2f.swf" />
      <file href="story_content/slides/6paLhorRl4A.swf" />
      <file href="story_content/slides/6Vu1Zv8Lfrt.swf" />
      <file href="story_content/slides/6Cc3tEgKcO5.swf" />
      <file href="story_content/slides/60JJFeVseBN.swf" />
      <file href="story_content/slides/6YmI7MMeQ0F.swf" />
      <file href="story_content/slides/6b2qIb2N09a.swf" />
      <file href="story_content/slides/5uT25qso2is.swf" />
      <file href="story_content/slides/5mNkfbzIAT5.swf" />
      <file href="story_content/slides/5vNoqWUh26e.swf" />
      <file href="story_content/slides/6HDyZJRdiLu.swf" />
      <file href="story_content/slides/6D0FUQLlZVc.swf" />
      <file href="story_content/slides/6O0Nxfb697K.swf" />
      <file href="mobile/slides/6YmI7MMeQ0F.js" />
      <file href="mobile/slides/5z8CNgtFwEX.js" />
      <file href="story_content/slides/6fthvgoqRzy.swf" />
      <file href="mobile/slides/6NmzqjV7o1D.js" />
      <file href="mobile/slides/6b2qIb2N09a.js" />
      <file href="story_content/slides/5XSHczTAe2k.swf" />
      <file href="story_content/slides/5bAIKOQIKLQ.swf" />
      <file href="mobile/slides/5mNkfbzIAT5.js" />
      <file href="mobile/slides/6Vu1Zv8Lfrt.js" />
      <file href="mobile/slides/633do200N2f.js" />
      <file href="mobile/slides/5bAIKOQIKLQ.js" />
      <file href="story_content/slides/6MIJgw8cQEH.swf" />
      <file href="mobile/slides/6HDyZJRdiLu.js" />
      <file href="story_content/slides/6aofj2ayJj2.swf" />
      <file href="mobile/slides/5uT25qso2is.js" />
      <file href="mobile/slides/6paLhorRl4A.js" />
      <file href="story_content/slides/6qkPhvohYbN.swf" />
      <file href="mobile/slides/6fthvgoqRzy.js" />
      <file href="mobile/slides/5vNoqWUh26e.js" />
      <file href="story_content/slides/5hmbHqvZgWe.swf" />
      <file href="story_content/slides/5f0HvGqO9gG.swf" />
      <file href="mobile/slides/6Cc3tEgKcO5.js" />
      <file href="story_content/slides/60u96hmdJw6.swf" />
      <file href="story_content/slides/6NhVkQCapA0.swf" />
      <file href="mobile/slides/6D0FUQLlZVc.js" />
      <file href="story_content/slides/5nmQe9Kgr3x.swf" />
      <file href="mobile/slides/65OjYeuzmcv.js" />
      <file href="story_content/slides/6dCETdsdcHq.swf" />
      <file href="story_content/slides/68trKt1JQd6.swf" />
      <file href="mobile/slides/6IxAk8VS7wb.js" />
      <file href="mobile/slides/60JJFeVseBN.js" />
      <file href="mobile/slides/6PaJQaxkBFc.js" />
      <file href="mobile/slides/5hmbHqvZgWe.js" />
      <file href="story_content/slides/6W7RKaUxHCm.swf" />
      <file href="story_content/slides/6KLFsT8iMem.swf" />
      <file href="mobile/slides/68trKt1JQd6.js" />
      <file href="story_content/slides/5c4H6dswGjY.swf" />
      <file href="story_content/slides/5mx25wNtfSf.swf" />
      <file href="story_content/slides/5lRuDnebqul.swf" />
      <file href="mobile/slides/5XSHczTAe2k.js" />
      <file href="mobile/slides/6dCETdsdcHq.js" />
      <file href="story_content/slides/6NQUx869Lw4.swf" />
      <file href="mobile/slides/6MIJgw8cQEH.js" />
      <file href="mobile/slides/6qkPhvohYbN.js" />
      <file href="story_content/slides/6ZkEQyVPAQk.swf" />
      <file href="mobile/slides/6aofj2ayJj2.js" />
      <file href="mobile/slides/6O0Nxfb697K.js" />
      <file href="story_content/slides/5aUdGkGys9J.swf" />
      <file href="mobile/slides/65zuiuQUvdT.js" />
      <file href="mobile/slides/6NhVkQCapA0.js" />
      <file href="story_content/slides/5hnNGEu45Od.swf" />
      <file href="story_content/slides/6hYM4Mc6dUF.swf" />
      <file href="mobile/slides/6W7RKaUxHCm.js" />
      <file href="mobile/slides/5nmQe9Kgr3x.js" />
      <file href="mobile/slides/5f0HvGqO9gG.js" />
      <file href="mobile/slides/6NQUx869Lw4.js" />
      <file href="story_content/slides/5yZRDpD5awd.swf" />
      <file href="mobile/slides/6KLFsT8iMem.js" />
      <file href="story_content/slides/5ttc7ClU6on.swf" />
      <file href="mobile/slides/6ZkEQyVPAQk.js" />
      <file href="story_content/slides/6VVvmtPpkXG.swf" />
      <file href="mobile/slides/5lRuDnebqul.js" />
      <file href="mobile/slides/60u96hmdJw6.js" />
      <file href="mobile/slides/5c4H6dswGjY.js" />
      <file href="mobile/slides/5yZRDpD5awd.js" />
      <file href="story_content/slides/5ex8aHxl29T.swf" />
      <file href="mobile/slides/5mx25wNtfSf.js" />
      <file href="mobile/slides/5aUdGkGys9J.js" />
      <file href="mobile/slides/5hnNGEu45Od.js" />
      <file href="story_content/slides/5vyvtT1I7Kj.swf" />
      <file href="mobile/slides/5vyvtT1I7Kj.js" />
      <file href="story_content/slides/5wkQnorHQKC.swf" />
      <file href="story_content/slides/6G2Mmbg6okJ.swf" />
      <file href="story_content/slides/5iVOIMRW6x6.swf" />
      <file href="mobile/slides/6G2Mmbg6okJ.js" />
      <file href="mobile/slides/5ex8aHxl29T.js" />
      <file href="mobile/slides/5ttc7ClU6on.js" />
      <file href="mobile/slides/6hYM4Mc6dUF.js" />
      <file href="mobile/slides/6VVvmtPpkXG.js" />
      <file href="mobile/slides/5wkQnorHQKC.js" />
      <file href="mobile/slides/5iVOIMRW6x6.js" />
      <file href="story_content/slides/6DMN5RRESc8.swf" />
      <file href="mobile/slides/6DMN5RRESc8.js" />
      <file href="story_content/data.swf" />
      <file href="mobile/data.js" />
      <file href="mobile/masks.js" />
      <file href="story.html" />
      <file href="story_html5.html" />
      <file href="index_lms_html5.html" />
      <file href="story_content/blank.html" />
      <file href="story_content/story.js" />
      <file href="index_lms.html" />
      <file href="lms/AICCComm.html" />
      <file href="lms/AICCFunctions.js" />
      <file href="lms/API.js" />
      <file href="lms/APIConstants.js" />
      <file href="lms/blank.html" />
      <file href="lms/browsersniff.js" />
      <file href="lms/Configuration.js" />
      <file href="lms/goodbye.html" />
      <file href="lms/lms.js" />
      <file href="lms/LMSAPI.js" />
      <file href="lms/NONEFunctions.js" />
      <file href="lms/SCORM2004Functions.js" />
      <file href="lms/SCORMFunctions.js" />
      <file href="lms/UtilityFunctions.js" />
    </resource>
  </resources>
</manifest>